Room Name,Attendee ID
Canada Life-1,102
Canada Life-1,589
Canada Life-1,58
Canada Life-1,211
Canada Life-1,305
Canada Life-1,25
Canada Life-1,265
Canada Life-1,238
Canada Life-1,43
Canada Life-1,231
Canada Life-1,463
Canada Life-1,409
Intact Insurance-1,16
Intact Insurance-1,521
Intact Insurance-1,293
Intact Insurance-1,118
Intact Insurance-1,271
Intact Insurance-1,53
Intact Insurance-1,355
Intact Insurance-1,198
Intact Insurance-1,501
Intact Insurance-1,2
Intact Insurance-1,443
Intact Insurance-1,561
Wawanesa Insurance-1,53
Wawanesa Insurance-1,153
Wawanesa Insurance-1,155
Wawanesa Insurance-1,599
Wawanesa Insurance-1,612
Wawanesa Insurance-1,102
Wawanesa Insurance-1,220
Wawanesa Insurance-1,101
Wawanesa Insurance-1,653
Economical Insurance-1,567
Economical Insurance-1,202
Economical Insurance-1,60
Economical Insurance-1,61
Economical Insurance-1,178
Economical Insurance-1,31
Economical Insurance-1,296
Economical Insurance-1,641
Economical Insurance-1,14
Economical Insurance-1,501
Economical Insurance-1,522
Economical Insurance-1,551
Ontario Teachers' Pension Plan-1,350
Ontario Teachers' Pension Plan-1,294
Ontario Teachers' Pension Plan-1,11
Ontario Teachers' Pension Plan-1,83
Ontario Teachers' Pension Plan-1,78
Ontario Teachers' Pension Plan-1,112
Ontario Teachers' Pension Plan-1,215
Ontario Teachers' Pension Plan-1,97
Ontario Teachers' Pension Plan-1,57
Ontario Teachers' Pension Plan-1,425
Ontario Teachers' Pension Plan-1,34
Desjardins-1,402
Desjardins-1,98
Desjardins-1,10
Desjardins-1,219
Desjardins-1,561
Desjardins-1,131
Desjardins-1,20
Desjardins-1,501
Desjardins-1,181
Desjardins-1,122
Desjardins-1,211
Desjardins-1,487
Northbridge Financial Corporation-1,31
Northbridge Financial Corporation-1,385
Northbridge Financial Corporation-1,142
Northbridge Financial Corporation-1,619
Northbridge Financial Corporation-1,8
Northbridge Financial Corporation-1,381
Northbridge Financial Corporation-1,280
Northbridge Financial Corporation-1,27
Northbridge Financial Corporation-1,431
Northbridge Financial Corporation-1,61
Northbridge Financial Corporation-1,359
Northbridge Financial Corporation-1,6
RSM Canada-1,27
RSM Canada-1,420
RSM Canada-1,407
RSM Canada-1,122
RSM Canada-1,276
RSM Canada-1,403
RSM Canada-1,101
RSM Canada-1,556
RSM Canada-1,176
RSM Canada-1,213
RSM Canada-1,381
RSM Canada-1,121
Royal and Sun Alliance (RSA)-1,66
Royal and Sun Alliance (RSA)-1,273
KPMG Canada-1,75
KPMG Canada-1,95
KPMG Canada-1,178
KPMG Canada-1,197
KPMG Canada-1,342
KPMG Canada-1,556
KPMG Canada-1,609
KPMG Canada-1,568
KPMG Canada-1,189
KPMG Canada-1,179
Normandin Beaudry-1,284
Normandin Beaudry-1,54
Normandin Beaudry-1,17
Normandin Beaudry-1,1
Normandin Beaudry-1,436
Normandin Beaudry-1,75
Normandin Beaudry-1,266
Normandin Beaudry-1,575
Normandin Beaudry-1,365
Normandin Beaudry-1,639
Normandin Beaudry-1,597
Milliman-1,66
Milliman-1,176
Milliman-1,200
Milliman-1,213
Milliman-1,293
Milliman-1,407
Milliman-1,520
Milliman-1,627
The Co-operators-1,593
The Co-operators-1,571
The Co-operators-1,71
The Co-operators-1,259
The Co-operators-1,302
The Co-operators-1,202
The Co-operators-1,276
The Co-operators-1,197
The Co-operators-1,249
Mercer Canada-1,196
Mercer Canada-1,253
Mercer Canada-1,293
Mercer Canada-1,312
Mercer Canada-1,123
Mercer Canada-1,243
Mercer Canada-1,589
Mercer Canada-1,272
Mercer Canada-1,199
PartnerRe-1,539
PartnerRe-1,57
PartnerRe-1,96
PartnerRe-1,142
CAAT Pension Plan-1,49
CAAT Pension Plan-1,587
CAAT Pension Plan-1,242
CAAT Pension Plan-1,589
CAAT Pension Plan-1,451
CAAT Pension Plan-1,6
CAAT Pension Plan-1,647
CAAT Pension Plan-1,86
CAAT Pension Plan-1,213
CAAT Pension Plan-1,167
CAAT Pension Plan-1,481
CAAT Pension Plan-1,529
Foresters Financial-1,123
Foresters Financial-1,505
Foresters Financial-1,261
Foresters Financial-1,570
Foresters Financial-1,592
Foresters Financial-1,58